id,question,policy
ac3af67e,What does preventive care usually include in your health plans?,Health Insurance
ac3af67e,Are annual health assessments covered under your health insurance?,Health Insurance
ac3af67e,Do you offer coverage for vaccinations in your preventive care services?,Health Insurance
ac3af67e,Can you provide information on the screenings included in preventive services?,Health Insurance
ac3af67e,How can I find out which specific preventive services are covered under my policy?,Health Insurance
7fc6cf18,What events allow me to include dependents in my health insurance?,Health Insurance
7fc6cf18,When is the appropriate time to add dependents to my health plan?,Health Insurance
7fc6cf18,Is it possible to include my spouse in my health insurance coverage?,Health Insurance
7fc6cf18,Can I add a new child to my health policy at any time?,Health Insurance
7fc6cf18,Are there specific enrollment periods for adding family members to my plan?,Health Insurance
419cb9ad,Does the health insurance plan cover dental treatments or procedures?,Health Insurance
419cb9ad,Are there any additional options available for dental services with the health insurance?,Health Insurance
419cb9ad,Can I purchase a dental plan alongside my health insurance policy?,Health Insurance
419cb9ad,What are the provisions for dental care under the health insurance plan?,Health Insurance
419cb9ad,Is it possible to add dental coverage to my existing health insurance plan?,Health Insurance
1dc03e8e,What is the extent of prescription drug coverage in this health plan?,Health Insurance
1dc03e8e,Are there any additional costs like copays for prescription medications?,Health Insurance
1dc03e8e,Do all health insurance plans cover prescribed medicines?,Health Insurance
1dc03e8e,How can I find out which medications are included in my plan?,Health Insurance
1dc03e8e,Does the coverage for prescriptions differ between plans?,Health Insurance
04e7a441,What expenses are included in the out-of-pocket limit?,Health Insurance
04e7a441,Do copayments count towards the out-of-pocket maximum?,Health Insurance
04e7a441,Is the out-of-pocket cap applied annually?,Health Insurance
04e7a441,How do I know when I reach the out-of-pocket maximum?,Health Insurance
04e7a441,Are all services covered once the out-of-pocket maximum is reached?,Health Insurance
c95e0c47,What types of damages does liability insurance address?,Auto Insurance
c95e0c47,Does liability insurance cover my own injuries from an accident?,Auto Insurance
c95e0c47,Are damages to my car included in liability insurance coverage?,Auto Insurance
c95e0c47,Who benefits from the coverage provided by liability insurance?,Auto Insurance
c95e0c47,"If I hit another car, will liability insurance cover the repairs?",Auto Insurance
8a8568e3,Does my auto policy extend to rental vehicles?,Auto Insurance
8a8568e3,Should I verify rental car coverage with my insurer?,Auto Insurance
8a8568e3,Are there extra protection options from rental agencies?,Auto Insurance
8a8568e3,Can I rely on my auto insurance for rentals?,Auto Insurance
8a8568e3,Is it necessary to get rental company insurance if I have an auto policy?,Auto Insurance
8ade9655,What does uninsured motorist coverage protect against?,Auto Insurance
8ade9655,How does uninsured motorist coverage assist me?,Auto Insurance
8ade9655,What happens if I'm involved in an accident with an uninsured driver?,Auto Insurance
8ade9655,Can uninsured motorist coverage cover my expenses from an underinsured driver's accident?,Auto Insurance
8ade9655,In what situations would uninsured motorist coverage be beneficial?,Auto Insurance
e839b027,Will my policy cover damages if a friend borrows my car with permission?,Auto Insurance
e839b027,Are other drivers insured under my auto policy?,Auto Insurance
e839b027,What should I verify to ensure another driver is covered by my insurance?,Auto Insurance
e839b027,Does the auto insurance policy include coverage for alternate drivers?,Auto Insurance
e839b027,How do I confirm if my policy protects when someone else drives my vehicle?,Auto Insurance
cb156e71,Does your auto insurance include protection for events like earthquakes and tornadoes?,Auto Insurance
cb156e71,What specifics should I verify in my policy regarding coverage for fires and floods?,Auto Insurance
cb156e71,Are there additional costs for comprehensive coverage against hurricanes?,Auto Insurance
cb156e71,How can I confirm if my current auto insurance covers natural disasters?,Auto Insurance
cb156e71,Is comprehensive coverage mandatory for protection against all natural disasters?,Auto Insurance
a5adb6c4,Is mold damage covered under my policy if it's due to a burst pipe?,Homeowners Insurance
a5adb6c4,Will my homeowners insurance cover mold that develops slowly over time?,Homeowners Insurance
a5adb6c4,Under what circumstances is mold damage included in homeowners insurance?,Homeowners Insurance
a5adb6c4,Is sudden water damage leading to mold covered in my homeowners insurance?,Homeowners Insurance
a5adb6c4,Can I claim for mold damage that occurred gradually?,Homeowners Insurance
caae3806,Does homeowners insurance include coverage for expensive items like jewelry?,Homeowners Insurance
caae3806,Are there additional options to insure high-cost belongings under my policy?,Homeowners Insurance
caae3806,Is it necessary to purchase an add-on for protection of high-value possessions?,Homeowners Insurance
caae3806,What is the coverage limit for valuable items in a standard homeowners policy?,Homeowners Insurance
caae3806,How can I ensure my valuable jewelry is fully covered under my insurance policy?,Homeowners Insurance
9dada737,Does homeowners insurance protect my belongings when I'm away from home?,Homeowners Insurance
9dada737,Are my possessions insured if I take them with me on a trip?,Homeowners Insurance
9dada737,What are the coverage limits for personal items when traveling?,Homeowners Insurance
9dada737,How does the insurance apply to my property if I'm on vacation?,Homeowners Insurance
9dada737,Will my policy cover items outside of my primary residence location?,Homeowners Insurance
99a89f09,What expenses are covered if someone gets hurt on my property?,Homeowners Insurance
99a89f09,Does this policy cover damages I cause to another person's property?,Homeowners Insurance
99a89f09,What types of incidents does personal liability include?,Homeowners Insurance
99a89f09,Are medical bills covered under personal liability insurance?,Homeowners Insurance
99a89f09,How does the policy help if I'm legally responsible for an accident at home?,Homeowners Insurance
f102eca7,What natural disasters are usually included in standard homeowners insurance coverage?,Homeowners Insurance
f102eca7,Do standard homeowners insurance policies cover damages from earthquakes?,Homeowners Insurance
f102eca7,Are floods typically included in the coverage of a standard homeowners insurance policy?,Homeowners Insurance
f102eca7,Does a standard homeowners policy cover fire damage to the home?,Homeowners Insurance
f102eca7,Is lightning damage included in the standard homeowners insurance coverage?,Homeowners Insurance
11404f3b,What are my options if my health insurance claim gets rejected?,Health Insurance
11404f3b,How can I find out why my health insurance claim was not approved?,Health Insurance
11404f3b,Is there a way to contest a denied health insurance claim?,Health Insurance
11404f3b,Who should I speak to for more details after my claim denial?,Health Insurance
11404f3b,What information can I provide to support an appeal for a denied claim?,Health Insurance
c8e9ccf1,Where can I search for healthcare providers covered by my plan?,Health Insurance
c8e9ccf1,How can I locate medical professionals within my insurance network?,Health Insurance
c8e9ccf1,What resources are available to identify participating doctors?,Health Insurance
c8e9ccf1,Is there a way to find network hospitals using my insurer's platform?,Health Insurance
c8e9ccf1,Who can assist me in determining if a provider is in-network?,Health Insurance
d629a97a,What types of alternative treatments are potentially included in my health insurance?,Health Insurance
d629a97a,Does CIC's health insurance provide for services like acupuncture?,Health Insurance
d629a97a,Can I receive reimbursement for chiropractic care through my health policy?,Health Insurance
d629a97a,Is there a way to verify if my plan supports alternative therapy coverage?,Health Insurance
d629a97a,Which alternative therapy options might be accessible with my current health plan?,Health Insurance
7cf22ed9,What does a deductible mean for my health insurance coverage?,Health Insurance
7cf22ed9,How often does the deductible for my health plan reset?,Health Insurance
7cf22ed9,When does my health insurance start paying for services?,Health Insurance
7cf22ed9,How much must I pay out-of-pocket before insurance covers my healthcare costs?,Health Insurance
7cf22ed9,Does the deductible amount change every year for my health insurance?,Health Insurance
13860509,Does the health plan provide coverage internationally?,Health Insurance
13860509,What options do I have for medical coverage during foreign travel?,Health Insurance
13860509,Is travel insurance necessary for medical care outside my country?,Health Insurance
13860509,Are there any health benefits if I am treated overseas?,Health Insurance
13860509,How can I ensure I'm covered for health issues while traveling internationally?,Health Insurance
3ccba661,What events does comprehensive auto insurance protect against?,Auto Insurance
3ccba661,Does comprehensive insurance cover fire damage to my vehicle?,Auto Insurance
3ccba661,Can I claim theft under comprehensive auto insurance?,Auto Insurance
3ccba661,Is vandalism covered by comprehensive auto insurance policies?,Auto Insurance
3ccba661,Does comprehensive insurance include protection from natural disasters?,Auto Insurance
8001944d,Does the auto insurance policy include assistance for vehicle repairs?,Auto Insurance
8001944d,What coverage is necessary for repair costs after a car accident?,Auto Insurance
8001944d,How does my deductible affect the repair coverage under my auto insurance?,Auto Insurance
8001944d,Is collision coverage required to receive repair cost assistance after a crash?,Auto Insurance
8001944d,What part of my insurance covers expenses for fixing my car post-accident?,Auto Insurance
ce16bbfd,How does my driving history impact the cost of my car insurance?,Auto Insurance
ce16bbfd,What vehicle characteristics influence my insurance premium?,Auto Insurance
ce16bbfd,In what ways does my age affect the price of my auto insurance?,Auto Insurance
ce16bbfd,Can my place of residence affect how much I pay for auto insurance?,Auto Insurance
ce16bbfd,How is my credit score related to the premium I have to pay?,Auto Insurance
603c40ad,What information is required to start an auto insurance claim?,Auto Insurance
603c40ad,Who should I contact to report an accident for my auto insurance?,Auto Insurance
603c40ad,Is there a specific timeframe for notifying the insurer about an auto accident?,Auto Insurance
603c40ad,What documents are necessary when filing an auto insurance claim?,Auto Insurance
603c40ad,"Can I file an auto insurance claim online, and if so, how?",Auto Insurance
6a4712ad,What does gap coverage protect against?,Auto Insurance
6a4712ad,How does gap insurance work if my car is totaled?,Auto Insurance
6a4712ad,Can gap insurance help with underpaid claims on a car loan?,Auto Insurance
6a4712ad,Why might I need gap insurance for my vehicle?,Auto Insurance
6a4712ad,Does gap insurance cover the loan balance after a car accident?,Auto Insurance
f1ea5e1e,What risks are included in protection for my home's structure?,Homeowners Insurance
f1ea5e1e,Does homeowners insurance guard against flooding incidents?,Homeowners Insurance
f1ea5e1e,Are wind damages part of the dwelling coverage?,Homeowners Insurance
f1ea5e1e,Is vandalism a covered peril in my home insurance?,Homeowners Insurance
f1ea5e1e,Does the policy include fire damage under dwelling coverage?,Homeowners Insurance
7f78c7ae,What are some effective ways to reduce my homeowners insurance costs?,Homeowners Insurance
7f78c7ae,Can bundling my insurance policies help decrease my premium?,Homeowners Insurance
7f78c7ae,How does improving my home's security impact my insurance rate?,Homeowners Insurance
7f78c7ae,Is my credit score a factor in determining my homeowners insurance premium?,Homeowners Insurance
7f78c7ae,What happens to my insurance costs if I choose a higher deductible?,Homeowners Insurance
29ecc166,What does homeowners insurance cover for accidents on my property?,Homeowners Insurance
29ecc166,How does liability coverage benefit me in case of property damage?,Homeowners Insurance
29ecc166,Can you explain who is protected under the liability coverage of a homeowners plan?,Homeowners Insurance
29ecc166,In what situations would liability insurance be applicable?,Homeowners Insurance
29ecc166,What types of incidents does liability coverage generally not include?,Homeowners Insurance
b410450a,Is the theft of personal belongings covered under homeowners insurance?,Homeowners Insurance
b410450a,Are there coverage limits on valuable items like jewelry in homeowners insurance?,Homeowners Insurance
b410450a,What does homeowners insurance cover regarding personal property theft?,Homeowners Insurance
b410450a,Does the insurance policy include theft coverage for high-value possessions?,Homeowners Insurance
b410450a,Are there restrictions on coverage for high-value items under a homeowners policy?,Homeowners Insurance
ad29e466,What does replacement cost coverage mean in homeowners insurance?,Homeowners Insurance
ad29e466,How does replacement cost coverage differ from actual cash value?,Homeowners Insurance
ad29e466,Will replacement cost coverage provide new items after a claim?,Homeowners Insurance
ad29e466,Does replacement cost coverage consider depreciation?,Homeowners Insurance
ad29e466,Can you explain the benefits of having replacement cost coverage?,Homeowners Insurance
fe250ffe,What are the main differences between HMO and PPO health plans?,Health Insurance
fe250ffe,Do I need referrals for specialists under a PPO policy?,Health Insurance
fe250ffe,Which type of health plan allows more freedom in choosing doctors?,Health Insurance
fe250ffe,Is a primary care physician selection mandatory in HMO plans?,Health Insurance
fe250ffe,Can I visit any healthcare provider without a referral in an HMO plan?,Health Insurance
3b1ec738,When am I allowed to switch my health insurance plan?,Health Insurance
3b1ec738,What qualifies as a life event for a special enrollment period?,Health Insurance
3b1ec738,Is it possible to change my health plan outside open enrollment?,Health Insurance
3b1ec738,How often does open enrollment occur for health insurance?,Health Insurance
3b1ec738,What steps do I need to take to update my health insurance plan due to a life event?,Health Insurance
17d54e74,What does the insurance policy require me to pay at the doctor's office?,Health Insurance
17d54e74,How much will I have to pay upfront when I get a prescription filled?,Health Insurance
17d54e74,Are there specific medical services where I must make an immediate payment?,Health Insurance
17d54e74,Does each visit to a healthcare provider involve an additional fee from my side?,Health Insurance
17d54e74,Is there a set amount I must contribute when accessing certain health services?,Health Insurance
8be1ffd0,What preventive services are included with my health insurance plan?,Health Insurance
8be1ffd0,Are vaccinations covered without any additional charges under my policy?,Health Insurance
8be1ffd0,Does my insurance plan provide free annual health check-ups?,Health Insurance
8be1ffd0,Is it true that preventive care is provided at no cost under my policy?,Health Insurance
8be1ffd0,How does the Affordable Care Act affect the coverage of preventive services in my plan?,Health Insurance
10282486,Can I enroll in health insurance outside of the open enrollment window?,Health Insurance
10282486,What are my options if I forget to enroll during the designated time?,Health Insurance
10282486,Are there exceptions to missing the health insurance enrollment deadline?,Health Insurance
10282486,How can significant life changes affect my eligibility for enrollment?,Health Insurance
10282486,What qualifies someone for a special enrollment period after the deadline?,Health Insurance
b024e9dd,What types of protection are included in full coverage auto insurance?,Auto Insurance
b024e9dd,Does full coverage protect against collision-related damages?,Auto Insurance
b024e9dd,What are the main components of full coverage auto insurance?,Auto Insurance
b024e9dd,How does comprehensive coverage benefit me under full auto insurance?,Auto Insurance
b024e9dd,Is liability included in a full coverage auto insurance policy?,Auto Insurance
eeab82c6,What events should prompt a reassessment of my car insurance?,Auto Insurance
eeab82c6,Is it necessary to update my auto policy when I buy a new vehicle?,Auto Insurance
eeab82c6,How frequently is it advisable to evaluate my car insurance coverage?,Auto Insurance
eeab82c6,Should I consider reviewing my insurance if I relocate?,Auto Insurance
eeab82c6,Are changes in my driving habits relevant to my auto policy review?,Auto Insurance
43eb09c4,What steps should I take immediately following a vehicle collision?,Auto Insurance
43eb09c4,Who should I call if emergency assistance is required after an accident?,Auto Insurance
43eb09c4,What information should I exchange with the other drivers involved in a crash?,Auto Insurance
43eb09c4,How do I report an accident to my insurance company?,Auto Insurance
43eb09c4,Is notifying the insurance provider necessary after every car accident?,Auto Insurance
86483694,Does my car insurance apply to vehicles I rent?,Auto Insurance
86483694,What is the extent of coverage provided to rental cars under my plan?,Auto Insurance
86483694,Can I confirm if rental vehicle protection is included in my policy?,Auto Insurance
86483694,"Do all car insurance plans include rental car protection, or does it vary?",Auto Insurance
86483694,How can I verify the details of rental car coverage in my current insurance?,Auto Insurance
04143ab5,Can you explain how the discount for not filing claims works?,Auto Insurance
04143ab5,How long do I need to go without filing a claim to receive a premium reduction?,Auto Insurance
04143ab5,Does the discount increase with additional years of being claim-free?,Auto Insurance
04143ab5,What percentage of my premium can be reduced with a no-claims discount?,Auto Insurance
04143ab5,Are there any conditions that might affect my eligibility for a no-claims discount?,Auto Insurance
29750c01,What factors influence the cost of my homeowners insurance premium?,Homeowners Insurance
29750c01,Does the age of my house impact how much I pay for insurance?,Homeowners Insurance
29750c01,In what way does my location affect my homeowners insurance expenses?,Homeowners Insurance
29750c01,How does my personal claims history play a role in determining my insurance premium?,Homeowners Insurance
29750c01,Will my credit score be considered when calculating my homeowners insurance rates?,Homeowners Insurance
040f3bad,What types of natural disasters are usually covered by homeowners insurance?,Homeowners Insurance
040f3bad,Are there any natural disasters that require additional insurance policies?,Homeowners Insurance
040f3bad,Does the coverage include protection against floods with the standard homeowners insurance?,Homeowners Insurance
040f3bad,Is earthquake damage included in typical homeowners insurance plans?,Homeowners Insurance
040f3bad,Do I need separate insurance for fire or wind damage protection?,Homeowners Insurance
9cb081f1,What does ALE coverage include under homeowners insurance?,Homeowners Insurance
9cb081f1,How does ALE coverage assist if my home is uninhabitable?,Homeowners Insurance
9cb081f1,When can I use the additional living expenses coverage?,Homeowners Insurance
9cb081f1,Does ALE coverage apply in case of a fire?,Homeowners Insurance
9cb081f1,What temporary costs does homeowners insurance cover through ALE?,Homeowners Insurance
60fe7680,What are common causes of damage that are not covered by homeowners insurance?,Homeowners Insurance
60fe7680,Does homeowners insurance cover damage caused by pests?,Homeowners Insurance
60fe7680,Is flood damage included in the homeowners insurance policy?,Homeowners Insurance
60fe7680,Are damages due to neglect or lack of maintenance covered under homeowners insurance?,Homeowners Insurance
60fe7680,Can homeowners insurance cover normal wear and tear?,Homeowners Insurance
53e76f9b,What steps should I take immediately after damage occurs to file a homeowners insurance claim?,Homeowners Insurance
53e76f9b,Which documents are necessary for submitting a homeowners insurance claim?,Homeowners Insurance
53e76f9b,Who should I contact to initiate a claim for damage under my homeowners insurance policy?,Homeowners Insurance
53e76f9b,Is there a specific timeframe within which I need to report a claim under my homeowners insurance?,Homeowners Insurance
53e76f9b,Do I need to provide repair estimates when filing a claim for homeowners insurance?,Homeowners Insurance
0ab86d17,What services are included in the health insurance?,Health Insurance
0ab86d17,Are prescriptions part of the health insurance plan?,Health Insurance
0ab86d17,Does the health policy include emergency care coverage?,Health Insurance
0ab86d17,Where can I find detailed information on my health insurance coverage?,Health Insurance
0ab86d17,Do regular doctor visits fall under my insurance plan?,Health Insurance
cf4ba371,How can I add relatives to my health insurance coverage?,Health Insurance
cf4ba371,What steps are involved in including family members in my plan?,Health Insurance
cf4ba371,Are there any documents required to include family on my health insurance?,Health Insurance
cf4ba371,Who should I contact to add a family member to my insurance plan?,Health Insurance
cf4ba371,Is there an extra cost when adding a family member to my policy?,Health Insurance
566a42be,Does the health policy include mental health support?,Health Insurance
566a42be,What kind of mental health treatments are included in my coverage?,Health Insurance
566a42be,Is therapy covered by my health insurance plan?,Health Insurance
566a42be,Who can I talk to for more details about mental health benefits?,Health Insurance
566a42be,How can I find out what mental health services my policy includes?,Health Insurance
0d7350de,What information is needed to start a car accident claim?,Auto Insurance
0d7350de,How soon will I be contacted after filing a car accident claim?,Auto Insurance
0d7350de,What is the procedure to report a car accident?,Auto Insurance
0d7350de,Who should I expect to hear from after I've made a claim on my car insurance?,Auto Insurance
0d7350de,Where can I find the details needed to submit a car accident claim?,Auto Insurance
22c1bc4b,How do I renew my car insurance policy?,Auto Insurance
22c1bc4b,Can I renew my auto policy using the website?,Auto Insurance
22c1bc4b,Who should I contact for help with my auto policy renewal?,Auto Insurance
22c1bc4b,Is online renewal available for my auto insurance?,Auto Insurance
22c1bc4b,What are the options for renewing my vehicle policy?,Auto Insurance
6b834380,Does the standard auto insurance include rental vehicle coverage?,Auto Insurance
6b834380,How can I verify if my policy covers rented cars?,Auto Insurance
6b834380,What is the process to add coverage for rental cars to my policy?,Auto Insurance
6b834380,Is it necessary to contact customer support to include rental car insurance?,Auto Insurance
6b834380,Where can I find details about rental car coverage in my existing auto insurance plan?,Auto Insurance
dced3c68,Is flood protection included in CIC's basic home insurance?,Home Insurance
dced3c68,What additional coverage do I need for flood-related incidents?,Home Insurance
dced3c68,Does CIC offer a rider for flood damage with their home insurance?,Home Insurance
dced3c68,What types of natural disasters does the standard home insurance policy cover?,Home Insurance
dced3c68,How can I enhance my home insurance policy to include flood damage?,Home Insurance
885bd911,How can I upgrade the coverage on my home insurance policy?,Home Insurance
885bd911,What steps are involved in expanding my existing home insurance coverage?,Home Insurance
885bd911,Who should I contact to modify my home insurance plan?,Home Insurance
885bd911,Is it possible to enhance my current home insurance protection level?,Home Insurance
885bd911,What are the available options for increasing my home insurance coverage?,Home Insurance
82aaa87a,How can I modify my home address associated with my insurance policy?,Home Insurance
82aaa87a,What is the process for changing my phone number on my policy account?,Home Insurance
82aaa87a,Where do I navigate on your website to edit my email address details?,Home Insurance
82aaa87a,Is there an option to update my contact details through the mobile app?,Home Insurance
82aaa87a,Can I talk to support to change my contact information instead of doing it online?,Home Insurance
9d8897bb,What does the waiting period for pre-existing conditions depend on?,Health Insurance
9d8897bb,How long is the waiting period for pre-existing conditions generally?,Health Insurance
9d8897bb,Where can I find the exact waiting period details for pre-existing conditions?,Health Insurance
9d8897bb,What is the typical duration before pre-existing conditions are covered?,Health Insurance
9d8897bb,Do all plans have the same waiting period for pre-existing conditions?,Health Insurance
d886d935,Are outpatient services covered in my health plan?,Health Insurance
d886d935,Which health plans include outpatient coverage?,Health Insurance
d886d935,How can I verify if my policy includes outpatient services?,Health Insurance
d886d935,What steps should I take to confirm outpatient service claims?,Health Insurance
d886d935,Is there a specific policy document to check for outpatient coverage?,Health Insurance
8c34a472,"Does my health insurance cover dental expenses, or do I need an additional plan?",Health Insurance
8c34a472,What optional benefits can be added to enhance my health insurance policy?,Health Insurance
8c34a472,How can I find out if my current plan includes dental coverage?,Health Insurance
8c34a472,Are there specific add-ons available for dental care under my health insurance?,Health Insurance
8c34a472,Who should I speak to about including dental services in my health policy?,Health Insurance
e033baf5,What range of deductibles might I expect for my car insurance?,Auto Insurance
e033baf5,How can I find out the exact deductible for my auto policy?,Auto Insurance
e033baf5,Are there different deductible amounts for collision and comprehensive coverage?,Auto Insurance
e033baf5,Who should I contact for more details about my deductible?,Auto Insurance
e033baf5,Does the deductible vary depending on the specific policy I have?,Auto Insurance
63fcaf8e,Does the auto policy cover towing services?,Auto Insurance
63fcaf8e,How can I find out if roadside protection is part of my current policy?,Auto Insurance
63fcaf8e,Is it possible to add assistance services to my existing car insurance?,Auto Insurance
63fcaf8e,Are there additional charges for adding roadside help to my coverage?,Auto Insurance
63fcaf8e,Who should I contact to include roadside coverage in my auto policy?,Auto Insurance
82361ac3,What is the process to change my car details on my insurance policy?,Auto Insurance
82361ac3,Where can I go online to edit my vehicle information?,Auto Insurance
82361ac3,Can I update my vehicle details through your website?,Auto Insurance
82361ac3,Is there an online option to modify the car data linked to my policy?,Auto Insurance
82361ac3,How do I access the section to amend my vehicle information?,Auto Insurance
f02606d8,Does home insurance include coverage for home office items?,Home Insurance
f02606d8,What is the coverage limit for a home office under the home insurance policy?,Home Insurance
f02606d8,Do I need extra coverage for expensive office equipment at home?,Home Insurance
f02606d8,How can I find out the specifics of my home office coverage in the policy?,Home Insurance
f02606d8,Are there options to extend my home office coverage in the insurance plan?,Home Insurance
6723abbb,What steps do I need to take to insure my expensive jewelry with CIC?,Home Insurance
6723abbb,Who should I get in touch with to include additional protection for my artwork?,Home Insurance
6723abbb,Does CIC offer specialized coverage for high-value household items?,Home Insurance
6723abbb,Can I expand my home insurance to cover high-value possessions like art pieces?,Home Insurance
6723abbb,What options are available for including valuable items in my current insurance policy?,Home Insurance
b4485fe9,Is temporary housing covered if my house becomes unlivable?,Home Insurance
b4485fe9,What does home insurance cover if I can't stay in my home?,Home Insurance
b4485fe9,Will the policy pay for lodging if my residence is not usable?,Home Insurance
b4485fe9,Does the insurance include expenses for temporary accommodation?,Home Insurance
b4485fe9,Can I get coverage for temporary living arrangements under my policy?,Home Insurance
e01caef4,What does the travel insurance plan include?,Travel Insurance
e01caef4,Can you explain what events are protected under travel insurance?,Travel Insurance
e01caef4,Does travel insurance cover medical emergencies during trips?,Travel Insurance
e01caef4,Is baggage loss covered by travel insurance policies?,Travel Insurance
e01caef4,Where can I find a detailed list of covered events for travel insurance?,Travel Insurance
a4693db7,What specific COVID-19 expenses are covered in your travel insurance plans?,Travel Insurance
a4693db7,How can I verify if my travel insurance plan includes COVID-19 coverage?,Travel Insurance
a4693db7,Are there any exclusions for COVID-19 in the travel insurance policy?,Travel Insurance
a4693db7,Which travel insurance options include comprehensive COVID-19 coverage?,Travel Insurance
a4693db7,How does COVID-19 coverage vary among different travel insurance plans?,Travel Insurance
198a5c31,What is the process for submitting a travel insurance claim?,Travel Insurance
198a5c31,Where can I access the forms needed for a travel claim?,Travel Insurance
198a5c31,Can I get help from the claims team to file an insurance claim?,Travel Insurance
198a5c31,What documents do I need to prepare for a travel insurance claim?,Travel Insurance
198a5c31,Is it possible to submit a travel insurance claim online?,Travel Insurance
dbc474b3,What are the different life insurance plans available?,Life Insurance
dbc474b3,"Can you explain the differences between term, whole, and universal life insurance?",Life Insurance
dbc474b3,How can I get more information about your life insurance policies?,Life Insurance
dbc474b3,Who should I contact to learn more about life insurance options?,Life Insurance
dbc474b3,Are there specific details available on each type of life insurance plan?,Life Insurance
0460bc61,Are all types of life insurance policies eligible for loans?,Life Insurance
0460bc61,What criteria must be met to borrow from my life insurance policy?,Life Insurance
0460bc61,How do I apply for a loan on my life insurance policy?,Life Insurance
0460bc61,What are the interest rates for borrowing against my life insurance?,Life Insurance
0460bc61,Can term life insurance policies be used as collateral for loans?,Life Insurance
d4057ef1,How can I change who will receive benefits from my life insurance?,Life Insurance
d4057ef1,What steps should I take to modify my policy's beneficiary?,Life Insurance
d4057ef1,Is there an online method to update the life insurance beneficiary?,Life Insurance
d4057ef1,Who should I contact if I need assistance with changing my beneficiary?,Life Insurance
d4057ef1,Where do I go in my account to adjust the beneficiary details?,Life Insurance
4b731ccd,Are there specific breeds of dogs that are included in your coverage?,Pet Insurance
4b731ccd,Do you provide insurance for birds or other small animals?,Pet Insurance
4b731ccd,How can I find out if my pet qualifies for coverage under your policy?,Pet Insurance
4b731ccd,Is your policy applicable to all kinds of cats?,Pet Insurance
4b731ccd,What options are there for insuring exotic animals?,Pet Insurance
10667494,Do all pet insurance plans include routine checkup coverage?,Pet Insurance
10667494,Where can I find the details about checkup coverage in my plan?,Pet Insurance
10667494,How can I confirm if my pet's regular vet visits are included in my coverage?,Pet Insurance
10667494,What steps should I take to learn about routine checkup options under my insurance?,Pet Insurance
10667494,Is there a specific plan that includes routine pet checkup coverage?,Pet Insurance
c945f8ac,Are mental health services included in the health coverage options?,Health Insurance
c945f8ac,Which health insurance plans provide coverage for mental health care?,Health Insurance
c945f8ac,Where can I find detailed information about mental health coverage in my plan?,Health Insurance
c945f8ac,Who should I contact for specifics about mental health benefits in my policy?,Health Insurance
c945f8ac,Does my current policy include provisions for mental health support?,Health Insurance
5cf86cea,How can I include my spouse in my health insurance plan?,Health Insurance
5cf86cea,Are there extra charges for adding children to my existing policy?,Health Insurance
5cf86cea,Who do I contact to add dependents to my health insurance?,Health Insurance
5cf86cea,Can I add family members to my health coverage at any time?,Health Insurance
5cf86cea,What is the process for updating my health plan to include dependents?,Health Insurance
c34f962d,How does choosing an in-network provider impact my expenses?,Health Insurance
c34f962d,What are the potential costs if I use an out-of-network doctor?,Health Insurance
c34f962d,Are there any advantages to using in-network healthcare facilities?,Health Insurance
c34f962d,Will my policy completely cover out-of-network services?,Health Insurance
c34f962d,Where can I find more specific details about my network coverage?,Health Insurance
fe640160,Does my policy include coverage for rental vehicles?,Auto Insurance
fe640160,How can I verify if my insurance covers rental cars?,Auto Insurance
fe640160,Is rental car coverage automatically included in my auto insurance?,Auto Insurance
fe640160,What steps should I take to determine rental car coverage under my policy?,Auto Insurance
fe640160,Can I contact customer service to check rental car coverage on my policy?,Auto Insurance
0b1e9301,How soon should I notify CIC after an auto accident?,Auto Insurance
0b1e9301,What steps should I take at the scene if I get into a car accident?,Auto Insurance
0b1e9301,What is the procedure for reporting an accident to your company?,Auto Insurance
0b1e9301,Do I need to call emergency services after every accident?,Auto Insurance
0b1e9301,What information should I gather at the site of an auto collision?,Auto Insurance
5670d12c,Are there discounts available if I drive fewer miles each year?,Auto Insurance
5670d12c,What steps should I take to find out if I can get a discount for driving less?,Auto Insurance
5670d12c,Do you offer any savings for drivers who have good driving habits?,Auto Insurance
5670d12c,Is it possible to lower my auto insurance cost by using my car infrequently?,Auto Insurance
5670d12c,How can I determine if I'm eligible for a mileage-based discount on my car insurance?,Auto Insurance
7bb09916,What types of natural disasters are generally included in home insurance coverage?,Home Insurance
7bb09916,How can I find out if flood coverage is part of my home insurance policy?,Home Insurance
7bb09916,Are there additional policies available for natural disasters not typically covered?,Home Insurance
7bb09916,Is the coverage for natural disasters dependent on where my home is located?,Home Insurance
7bb09916,Can I add coverage for specific natural disasters to my existing home insurance policy?,Home Insurance
ef167a4a,What steps can I take to reduce the cost of my home insurance?,Home Insurance
ef167a4a,Are there discount opportunities for using safety features in my home?,Home Insurance
ef167a4a,How does choosing a higher deductible affect my home insurance premium?,Home Insurance
ef167a4a,What types of security systems qualify for a premium reduction?,Home Insurance
ef167a4a,Who should I contact to learn about possible savings on my home insurance?,Home Insurance
e9d21795,What type of insurance do I need to ensure my home business is protected?,Home Insurance
e9d21795,Are there additional endorsements available to cover business activities under home insurance?,Home Insurance
e9d21795,Does a regular home policy cover any business-related incidents at all?,Home Insurance
e9d21795,How can I obtain full coverage for my home-based business?,Home Insurance
e9d21795,Is separate insurance mandatory for operating a business from my home?,Home Insurance
4c5d73a5,How long can one trip last with travel insurance?,Travel Insurance
4c5d73a5,Are there different time limits for different travel insurance plans?,Travel Insurance
4c5d73a5,What is the longest period covered for a single trip?,Travel Insurance
4c5d73a5,Is there a standard maximum duration for each travel plan?,Travel Insurance
4c5d73a5,Where can I find the specific trip duration for my travel insurance policy?,Travel Insurance
67ef1dd1,What situations qualify for trip cancellation coverage under travel insurance?,Travel Insurance
67ef1dd1,Are emergencies included in the travel insurance cancellation coverage?,Travel Insurance
67ef1dd1,Does illness count as a valid reason for trip cancellation reimbursement?,Travel Insurance
67ef1dd1,Where can I find the specific events covered under my travel insurance plan?,Travel Insurance
67ef1dd1,Is it possible to get a refund if my trip is cancelled for an unforeseen reason?,Travel Insurance
5afadd3f,What should I do if I need a medical evacuation while traveling?,Travel Insurance
5afadd3f,Is calling your assistance line necessary for medical evacuations to be covered?,Travel Insurance
5afadd3f,Are all medical evacuations covered under the travel insurance policy?,Travel Insurance
5afadd3f,What conditions must be met for a medical evacuation to be considered covered?,Travel Insurance
5afadd3f,Is your emergency assistance line available at all times for medical issues?,Travel Insurance
defe0b68,Is it possible to raise my life insurance coverage limits?,Life Insurance
defe0b68,What steps are involved in increasing my policy coverage?,Life Insurance
defe0b68,Will there be additional underwriting if I want more coverage?,Life Insurance
defe0b68,How can I contact support for more details on changing my policy?,Life Insurance
defe0b68,Are there any conditions to meet before I can expand my life coverage?,Life Insurance
e32f0640,What distinguishes term life insurance from whole life insurance?,Life Insurance
e32f0640,Does term life insurance include any cash value component?,Life Insurance
e32f0640,How long does term life insurance provide coverage?,Life Insurance
e32f0640,Can whole life insurance be used as a lifelong coverage option?,Life Insurance
e32f0640,Should I speak with an advisor to better understand my life insurance options?,Life Insurance
6f6ac3ce,What tax advantages does a life insurance policy offer?,Life Insurance
6f6ac3ce,Can life insurance death benefits be received without paying taxes?,Life Insurance
6f6ac3ce,Do I need to consult a tax professional about life insurance benefits?,Life Insurance
6f6ac3ce,How does life insurance affect my tax situation?,Life Insurance
6f6ac3ce,Are life insurance proceeds taxable?,Life Insurance
0c74b834,What types of vaccinations are included in the pet insurance coverage?,Pet Insurance
0c74b834,Can I add wellness coverage to my existing pet insurance plan?,Pet Insurance
0c74b834,Are all routine vaccinations automatically covered under wellness plans?,Pet Insurance
0c74b834,How can I verify if my pet insurance plan includes vaccination coverage?,Pet Insurance
0c74b834,Is it possible to upgrade my plan for better vaccination benefits?,Pet Insurance
07e9d330,What types of incidents are usually included in pet insurance coverage?,Pet Insurance
07e9d330,Are surgeries and medications part of the typical pet insurance plan?,Pet Insurance
07e9d330,Does pet insurance cover both accidents and illnesses?,Pet Insurance
07e9d330,Where can I find specific coverage details for my pet insurance?,Pet Insurance
07e9d330,What should I check in my policy document about pet insurance specifics?,Pet Insurance
be068fe4,What is the process for submitting a claim for pet healthcare costs?,Pet Insurance
be068fe4,Where can I send the medical bills to claim my pet insurance?,Pet Insurance
be068fe4,How long does it take to process a pet insurance claim?,Pet Insurance
be068fe4,Can I use the app to file a claim for my pet's medical treatment?,Pet Insurance
be068fe4,What documents are required to submit a pet medical expense claim?,Pet Insurance
007bc2ee,What does a standard home warranty include?,Home Warranty
007bc2ee,Are appliances included in the home warranty coverage?,Home Warranty
007bc2ee,Does the warranty cover all major home systems?,Home Warranty
007bc2ee,Where can I find the details of items covered by the warranty?,Home Warranty
007bc2ee,Is it possible to customize the covered items in the home warranty?,Home Warranty
21461a2c,What types of repairs are typically included in a home warranty?,Home Warranty
21461a2c,Are intentional damages ever covered under a home warranty?,Home Warranty
21461a2c,Does the home warranty policy cover both appliances and home systems?,Home Warranty
21461a2c,Is accidental damage something that a home warranty would address?,Home Warranty
21461a2c,How does a home warranty differ from homeowners insurance in terms of coverage?,Home Warranty
0142bd62,What is the process to initiate a repair service under the Home Warranty policy?,Home Warranty
0142bd62,How soon can I expect a technician after requesting a repair service?,Home Warranty
0142bd62,Which methods can I use to request a home repair service?,Home Warranty
0142bd62,Is there an online option to request a repair under my Home Warranty?,Home Warranty
0142bd62,What is the typical response time after submitting a repair request?,Home Warranty
0920124e,What percentage of my income is covered under the disability insurance policy?,Disability Insurance
0920124e,Under what circumstances am I eligible to receive benefits from disability insurance?,Disability Insurance
0920124e,Is there a waiting period before disability benefits begin?,Disability Insurance
0920124e,For how long can I expect to receive payments if I become disabled?,Disability Insurance
0920124e,Can disability insurance cover work-related injuries?,Disability Insurance
f54b796c,What steps should I take to enhance my disability insurance?,Disability Insurance
f54b796c,Does my job status affect the possibility of raising my coverage?,Disability Insurance
f54b796c,How can I find out if I'm eligible for more disability coverage?,Disability Insurance
f54b796c,Who should I talk to about increasing my disability insurance?,Disability Insurance
f54b796c,Are there specific conditions under which my disability coverage can be increased?,Disability Insurance
8b2a3126,Does the disability insurance cover mental health conditions in all plans?,Disability Insurance
8b2a3126,What criteria must be met for mental health disabilities to be covered?,Disability Insurance
8b2a3126,Which specific plans include coverage for mental health disabilities?,Disability Insurance
8b2a3126,How can I find the details about mental health coverage in my policy?,Disability Insurance
8b2a3126,Who should I contact for more information about policy terms for mental health coverage?,Disability Insurance
d3fe9719,What factors determine the contribution limit for the retirement plan?,Retirement Savings Plan
d3fe9719,How can I find out the specific contribution limit for my age group?,Retirement Savings Plan
d3fe9719,Are there different contribution limits for various types of retirement plans?,Retirement Savings Plan
d3fe9719,Can you explain how age influences the contribution limit for my plan?,Retirement Savings Plan
d3fe9719,Who can I contact for detailed information about the contribution limits?,Retirement Savings Plan
d09cd087,What are the potential penalties for withdrawing funds early?,Retirement Savings Plan
d09cd087,Are there any circumstances where early withdrawals are penalty-free?,Retirement Savings Plan
d09cd087,How can I learn more about the exceptions to early withdrawal penalties?,Retirement Savings Plan
d09cd087,Will early withdrawals affect my retirement benefits?,Retirement Savings Plan
d09cd087,Who can I consult for personalized advice on early withdrawals?,Retirement Savings Plan
c3db6453,Can I set my contributions to increase automatically over time?,Retirement Savings Plan
c3db6453,What should I do to enable the automatic raise in my plan contributions?,Retirement Savings Plan
c3db6453,Does the plan allow for adjustments in contribution amounts automatically?,Retirement Savings Plan
c3db6453,How can I arrange for my contributions to increase without manual adjustments?,Retirement Savings Plan
c3db6453,Who do I contact to activate automatic increases in my savings contributions?,Retirement Savings Plan
96de9551,What types of care facilities are included in your long-term care policy?,Long-Term Care Insurance
96de9551,Does your long-term care insurance cover both in-home and nursing care services?,Long-Term Care Insurance
96de9551,Can you explain the range of services available under this long-term care insurance?,Long-Term Care Insurance
96de9551,Are assisted living costs covered by your long-term care insurance plans?,Long-Term Care Insurance
96de9551,How can I find specific coverage details for my long-term care policy?,Long-Term Care Insurance
6bd8ac5c,What happens to premium costs if I apply for long-term care insurance at an older age?,Long-Term Care Insurance
6bd8ac5c,Is it possible to apply for long-term care insurance at any age?,Long-Term Care Insurance
6bd8ac5c,How can I find out more about my eligibility for long-term care insurance?,Long-Term Care Insurance
6bd8ac5c,Do younger applicants receive any benefits when purchasing long-term care insurance?,Long-Term Care Insurance
6bd8ac5c,Who should I reach out to for information on long-term care insurance options?,Long-Term Care Insurance
7fa6a976,Are there any restrictions on switching my long-term care policy to a different insurer?,Long-Term Care Insurance
7fa6a976,Is it possible to move my existing coverage to another insurance company?,Long-Term Care Insurance
7fa6a976,What are the steps to transfer my long-term care insurance to a different provider?,Long-Term Care Insurance
7fa6a976,How can I find out if my plan is portable to other insurers?,Long-Term Care Insurance
7fa6a976,Who should I speak with to get details on transferring my policy?,Long-Term Care Insurance
e3452203,What benefits are included in the identity protection plan?,Identity Theft Protection
e3452203,Does the identity theft insurance offer fraud monitoring?,Identity Theft Protection
e3452203,Will I be reimbursed for losses if my identity is stolen?,Identity Theft Protection
e3452203,What kind of recovery help is available with this policy?,Identity Theft Protection
e3452203,Where can I find more detailed information on coverage?,Identity Theft Protection
aef07139,What steps should I take if I suspect someone is using my identity?,Identity Theft Protection
aef07139,Can I report identity fraud online or only by phone?,Identity Theft Protection
aef07139,Who will assist me after I report identity theft?,Identity Theft Protection
aef07139,Is there a specific hotline number for identity theft issues?,Identity Theft Protection
aef07139,Will someone help me secure my information after reporting identity theft?,Identity Theft Protection
6e4c7066,Are family members eligible for coverage under my identity theft plan?,Identity Theft Protection
6e4c7066,What options are there for including relatives in my identity theft protection?,Identity Theft Protection
6e4c7066,Is it possible to extend my identity theft plan to cover family?,Identity Theft Protection
6e4c7066,Do you offer plans that protect both me and my family from identity theft?,Identity Theft Protection
6e4c7066,Can I enhance my identity theft policy to include family coverage?,Identity Theft Protection
1517e524,What does rental insurance typically protect against regarding accidental damage?,Rental Insurance
1517e524,Are there any limitations on coverage for accidental damage under rental insurance?,Rental Insurance
1517e524,Is the rented property itself covered for accidental damage in rental insurance policies?,Rental Insurance
1517e524,Should I check for specific exclusions in my rental insurance policy regarding accidental damage?,Rental Insurance
1517e524,How can I find out what the coverage limits are for accidental damage in my rental insurance plan?,Rental Insurance
5b44ce49,Does rental insurance include coverage for living elsewhere if my rental is damaged?,Rental Insurance
5b44ce49,What types of events must occur for rental insurance to pay for temporary accommodation?,Rental Insurance
5b44ce49,Are there limits to how much rental insurance will pay for temporary lodging?,Rental Insurance
5b44ce49,Can I choose where to stay if rental insurance covers temporary living expenses?,Rental Insurance
5b44ce49,Will rental insurance cover temporary housing if only part of my rental is unlivable?,Rental Insurance
c19e783d,Are natural disasters like floods included in the rental insurance coverage?,Rental Insurance
c19e783d,Does the rental insurance cover equipment used for business?,Rental Insurance
c19e783d,Is damage caused on purpose covered by rental insurance?,Rental Insurance
c19e783d,Where can I find details about what is excluded from my rental insurance policy?,Rental Insurance
c19e783d,Will rental insurance protect against damages from earthquakes?,Rental Insurance
0e53de47,What is included for prescription glasses under the vision plan?,Vision Insurance
0e53de47,How can I confirm the specific coverage for my lenses and frames?,Vision Insurance
0e53de47,Is there a limit to the coverage for glasses under this insurance?,Vision Insurance
0e53de47,Do I need to contact support to find out the allowances for glasses?,Vision Insurance
0e53de47,Are frames and lenses both covered by the vision insurance plan?,Vision Insurance
ea858176,What is the usual frequency for eye exams with vision coverage?,Vision Insurance
ea858176,Can I confirm that my vision plan allows for annual eye examinations?,Vision Insurance
ea858176,How many times a year is an eye exam covered by vision insurance?,Vision Insurance
ea858176,Does my vision insurance include an annual eye exam?,Vision Insurance
ea858176,Is there a yearly limit to the number of eye examinations covered by my vision policy?,Vision Insurance
fb7bc9aa,What is the coverage for contact lenses under vision insurance?,Vision Insurance
fb7bc9aa,Do vision insurance plans include coverage for contact lenses?,Vision Insurance
fb7bc9aa,How can I find out the contact lens coverage specifics in my vision policy?,Vision Insurance
fb7bc9aa,Are there limits on the coverage amount for contact lenses?,Vision Insurance
fb7bc9aa,Where can I find the exact details for contact lens allowances in my insurance plan?,Vision Insurance
1e20132c,What orthodontic services are included in dental coverage?,Dental Insurance
1e20132c,Does dental insurance cover braces for adults?,Dental Insurance
1e20132c,Are all dental plans eligible for orthodontic coverage?,Dental Insurance
1e20132c,How can I check if my dental plan includes orthodontics?,Dental Insurance
1e20132c,Is there an age limit for orthodontic coverage under dental insurance?,Dental Insurance
c7337855,How long do I need to wait before getting a crown covered?,Dental Insurance
c7337855,Are there different waiting periods for implants based on my plan?,Dental Insurance
c7337855,Can you tell me the waiting time for major dental work?,Dental Insurance
c7337855,Do all major dental procedures have the same waiting period?,Dental Insurance
c7337855,Where can I find details about the waiting period for my dental policy?,Dental Insurance
7717dcc3,Are preventive dental services included in the coverage?,Dental Insurance
7717dcc3,What is the frequency limit for covered dental cleanings?,Dental Insurance
7717dcc3,Do I have to pay anything out-of-pocket for routine dental cleanings?,Dental Insurance
7717dcc3,Does the dental plan cover all types of cleanings?,Dental Insurance
7717dcc3,What should I check in my policy regarding cleaning coverage details?,Dental Insurance
e4509a20,What specific cyber threats does the insurance protect against?,Cyber Liability Insurance
e4509a20,Are data breaches included in the coverage plan?,Cyber Liability Insurance
e4509a20,Does this policy offer protection from malware-related issues?,Cyber Liability Insurance
e4509a20,Is ransomware covered under this insurance policy?,Cyber Liability Insurance
e4509a20,Where can I find detailed information about what is covered in my policy?,Cyber Liability Insurance
56d545f5,What types of legal fees are covered under cyber liability insurance?,Cyber Liability Insurance
56d545f5,How can I check if my policy includes coverage for legal expenses?,Cyber Liability Insurance
56d545f5,Are there limitations on legal fee coverage with cyber incidents?,Cyber Liability Insurance
56d545f5,Do all cyber liability plans include legal fee protection?,Cyber Liability Insurance
56d545f5,Can I customize my policy to ensure legal fee coverage for cyber attacks?,Cyber Liability Insurance
0fb214e3,What deductible applies to cyber liability insurance claims?,Cyber Liability Insurance
0fb214e3,How can I find out the deductible for my cyber insurance policy?,Cyber Liability Insurance
0fb214e3,Do all cyber insurance plans come with a deductible?,Cyber Liability Insurance
0fb214e3,Is the deductible amount for cyber claims uniform across all policies?,Cyber Liability Insurance
0fb214e3,Where can I check the specific deductible for my cyber liability policy?,Cyber Liability Insurance
fa4e6106,What types of claims are included under the Employment Practices Liability Insurance?,Employment Practices Liability Insurance (EPLI)
fa4e6106,Does EPLI cover issues like wrongful termination and discrimination?,Employment Practices Liability Insurance (EPLI)
fa4e6106,Can EPLI help if an employee files a harassment claim against my company?,Employment Practices Liability Insurance (EPLI)
fa4e6106,Where can I find a detailed explanation of what EPLI includes?,Employment Practices Liability Insurance (EPLI)
fa4e6106,Is the coverage for employment practice claims standard in all EPLI policies?,Employment Practices Liability Insurance (EPLI)
e7e5c3fb,Are contractors included under the Employment Practices Liability Insurance?,Employment Practices Liability Insurance (EPLI)
e7e5c3fb,Does the EPLI extend to cover independent contractors in all policies?,Employment Practices Liability Insurance (EPLI)
e7e5c3fb,Should I verify with customer support whether independent contractors are covered under my EPLI?,Employment Practices Liability Insurance (EPLI)
e7e5c3fb,Is there a difference in EPLI coverage for employees versus independent contractors?,Employment Practices Liability Insurance (EPLI)
e7e5c3fb,Are there specific EPLI policies that do not cover independent contractors?,Employment Practices Liability Insurance (EPLI)
f25b37df,Does the EPLI policy include coverage for legal defense in employment-related cases?,Employment Practices Liability Insurance (EPLI)
f25b37df,Are defense expenses covered under employment claims in the EPLI policy?,Employment Practices Liability Insurance (EPLI)
f25b37df,Is legal defense for employment disputes included in the EPLI insurance plan?,Employment Practices Liability Insurance (EPLI)
f25b37df,Can I confirm if defense costs are part of the EPLI coverage?,Employment Practices Liability Insurance (EPLI)
f25b37df,Does the policy ensure coverage for legal costs associated with employment claims?,Employment Practices Liability Insurance (EPLI)
e6f3f64c,What types of claims are protected under professional liability insurance?,Professional Liability Insurance
e6f3f64c,Can professional liability insurance help if I'm accused of negligence?,Professional Liability Insurance
e6f3f64c,Does this policy protect against mistakes in my professional work?,Professional Liability Insurance
e6f3f64c,Where can I find details about the coverage specifics?,Professional Liability Insurance
e6f3f64c,Are omissions in my professional duties covered by this insurance?,Professional Liability Insurance
d96d4bdd,How can I include other parties in my Professional Liability Insurance?,Professional Liability Insurance
d96d4bdd,Are there options to include additional insureds on this policy?,Professional Liability Insurance
d96d4bdd,Who should I contact to add more entities under my coverage?,Professional Liability Insurance
d96d4bdd,Is it possible to extend my policy to cover additional individuals?,Professional Liability Insurance
d96d4bdd,What is the process to include more insureds in my liability coverage?,Professional Liability Insurance
2e7681fa,Does professional liability insurance include coverage for defense costs?,Professional Liability Insurance
2e7681fa,What types of legal expenses are covered by the professional liability policy?,Professional Liability Insurance
2e7681fa,Can I find specifics on covered legal fees in my professional liability insurance document?,Professional Liability Insurance
2e7681fa,Are legal defense costs automatically included in professional liability coverage?,Professional Liability Insurance
2e7681fa,Is it common for professional liability insurance to pay for attorney fees during a claim?,Professional Liability Insurance
50c25002,What personal items are protected under flood insurance?,Flood Insurance
50c25002,Are there maximum limits on covering personal property in flood situations?,Flood Insurance
50c25002,Where can I find specifics on the limits for personal belongings coverage?,Flood Insurance
50c25002,Does the policy include all household contents under flood protection?,Flood Insurance
50c25002,What restrictions exist on personal belongings coverage in flood insurance?,Flood Insurance
9bc776df,Is it necessary for me to have flood insurance where I live?,Flood Insurance
9bc776df,Do lenders require flood coverage in certain situations?,Flood Insurance
9bc776df,How can I find out if I'm in a high-risk area requiring flood insurance?,Flood Insurance
9bc776df,Are there local laws that mandate purchasing flood insurance?,Flood Insurance
9bc776df,Who can I contact to understand the flood insurance prerequisites for my property?,Flood Insurance
15dbc99a,How long does it take for flood insurance to activate after buying it?,Flood Insurance
15dbc99a,Are there any exceptions to the 30-day waiting period for flood insurance?,Flood Insurance
15dbc99a,When will my flood insurance start covering me after I apply?,Flood Insurance
15dbc99a,Is the 30-day period standard for all flood insurance policies?,Flood Insurance
15dbc99a,Where can I find details about potential waiting period exceptions for my flood insurance?,Flood Insurance
b3a6ea86,What services are generally included in health insurance plans?,Health Insurance
b3a6ea86,Are prescription drugs part of the health insurance coverage?,Health Insurance
b3a6ea86,Does the health insurance policy cover hospital admissions?,Health Insurance
b3a6ea86,What kinds of preventive services are included in this health insurance?,Health Insurance
b3a6ea86,Are there any wellness benefits included in the health plan?,Health Insurance
8dd8ea76,Is there flexibility in selecting my healthcare provider?,Health Insurance
8dd8ea76,What happens if I visit a doctor outside the network?,Health Insurance
8dd8ea76,Are there extra charges for using out-of-network providers?,Health Insurance
8dd8ea76,Does the plan cover services from any healthcare provider?,Health Insurance
8dd8ea76,How do costs differ between network and non-network providers?,Health Insurance
6210e0d3,Does your health insurance include options for dental coverage?,Health Insurance
6210e0d3,Are there additional plans available for vision care with health insurance?,Health Insurance
6210e0d3,Can I add dental care to my existing health insurance plan?,Health Insurance
6210e0d3,What are the options for obtaining vision benefits alongside health insurance?,Health Insurance
6210e0d3,Is it possible to bundle dental and vision plans with my health insurance policy?,Health Insurance
53291814,What are the implications of choosing an out-of-network provider?,Health Insurance
53291814,How do discounted rates impact in-network services?,Health Insurance
53291814,Will I incur additional expenses by opting for out-of-network medical professionals?,Health Insurance
53291814,Why might some healthcare providers be classified as out-of-network?,Health Insurance
53291814,How can I identify if a provider is in-network or not?,Health Insurance
ba39fa50,What are the rules for covering pre-existing conditions under CIC's health insurance?,Health Insurance
ba39fa50,Do CIC health plans include coverage for conditions existing prior to enrollment?,Health Insurance
ba39fa50,Are there any restrictions on pre-existing conditions coverage in CIC policies?,Health Insurance
ba39fa50,How can I find out if my health insurance covers pre-existing conditions?,Health Insurance
ba39fa50,Does my current health insurance from CIC come with any limitations on pre-existing conditions?,Health Insurance
ed157cff,What types of damages are typically covered under CIC's auto insurance?,Auto Insurance
ed157cff,Does CIC's auto policy include protection for my car against accidents?,Auto Insurance
ed157cff,Are bodily injuries covered by CIC's vehicle insurance?,Auto Insurance
ed157cff,Is property damage part of the coverage offered by CIC auto insurance?,Auto Insurance
ed157cff,Can I expect comprehensive coverage for my vehicle with CIC's plan?,Auto Insurance
2c59e922,Are rental vehicles included in my auto insurance coverage?,Auto Insurance
2c59e922,How can I check if my auto insurance includes rental car coverage?,Auto Insurance
2c59e922,Is rental car insurance automatically part of my auto policy?,Auto Insurance
2c59e922,Does my current car insurance plan provide for rental vehicle usage?,Auto Insurance
2c59e922,What steps should I take to verify rental car coverage under my policy?,Auto Insurance
832ff4c6,What types of natural disasters are covered by comprehensive auto insurance?,Auto Insurance
832ff4c6,Is coverage for floods included in my auto insurance policy?,Auto Insurance
832ff4c6,Does my policy protect against damage from storms?,Auto Insurance
832ff4c6,Am I insured for fire-related vehicle damage under my auto insurance?,Auto Insurance
832ff4c6,How can I verify if my auto insurance includes natural disaster coverage?,Auto Insurance
2ff1a299,What process should I follow to include another driver on my car insurance?,Auto Insurance
2ff1a299,Will my insurance costs change if I add an additional driver?,Auto Insurance
2ff1a299,How do I find out the details for adding someone to my auto policy?,Auto Insurance
2ff1a299,Is it possible to have more than one driver under my current car insurance?,Auto Insurance
2ff1a299,Who should I contact to add a new driver to my vehicle insurance?,Auto Insurance
c1ec38d4,What types of incidents are included in your homeowners insurance coverage?,Homeowners Insurance
c1ec38d4,Does the homeowners policy offer any protection against natural disasters?,Homeowners Insurance
c1ec38d4,Is liability protection a part of the homeowners insurance offer?,Homeowners Insurance
c1ec38d4,Can you explain what personal property damage is covered by homeowners insurance?,Homeowners Insurance
c1ec38d4,Does the plan cover theft-related damages to my home?,Homeowners Insurance
e7803778,Does homeowners insurance include protection against natural disasters like floods and earthquakes?,Homeowners Insurance
e7803778,How can I obtain coverage for flood or earthquake damage?,Homeowners Insurance
e7803778,Are there additional policy options available for flood and earthquake insurance?,Homeowners Insurance
e7803778,What is the process to add earthquake and flood protection to my current homeowners insurance?,Homeowners Insurance
e7803778,Who should I contact for more information on obtaining coverage for natural disasters?,Homeowners Insurance
6aa41fe4,What is the coverage limit for personal items under homeowners insurance?,Homeowners Insurance
6aa41fe4,Are high-value possessions automatically included in the coverage?,Homeowners Insurance
6aa41fe4,Do I need extra insurance for valuables like jewelry?,Homeowners Insurance
6aa41fe4,Will my policy cover damage to my belongings in all situations?,Homeowners Insurance
6aa41fe4,How can I find out if my policy includes enough coverage for personal items?,Homeowners Insurance
3b58c210,What events must occur for temporary housing costs to be covered under a homeowners policy?,Homeowners Insurance
3b58c210,Does the policy specify what qualifies as temporary lodging expenses?,Homeowners Insurance
3b58c210,Are there any limits on the duration for which temporary living costs are covered?,Homeowners Insurance
3b58c210,How do I determine if my policy includes coverage for uninhabitable home scenarios?,Homeowners Insurance
3b58c210,Where can I find detailed information regarding temporary lodging coverage in my policy?,Homeowners Insurance
2a71a5bd,Are there options to increase protection for expensive assets in my home?,Homeowners Insurance
2a71a5bd,How can I enhance coverage for high-value belongings?,Homeowners Insurance
2a71a5bd,Is it possible to modify my policy to cover costly electronics?,Homeowners Insurance
2a71a5bd,What steps should I take to ensure my jewelry is fully insured?,Homeowners Insurance
2a71a5bd,Can I add protection for specific valuable items to my policy?,Homeowners Insurance
6d25ea81,What types of incidents are included in the pet insurance coverage?,Pet Insurance
6d25ea81,Are illnesses included in the pet insurance plan?,Pet Insurance
6d25ea81,Does the pet insurance policy cover routine wellness check-ups?,Pet Insurance
6d25ea81,Is emergency care available for pets under this policy?,Pet Insurance
6d25ea81,Where can I find detailed information about my specific pet insurance coverage?,Pet Insurance
1246e8b1,Can I select my preferred vet when I have pet insurance?,Pet Insurance
1246e8b1,Are there limitations on which veterinarians I can visit with this insurance plan?,Pet Insurance
1246e8b1,Does this pet policy require me to visit specific veterinary networks?,Pet Insurance
1246e8b1,Is it possible to go to any licensed vet with this insurance?,Pet Insurance
1246e8b1,Are there any network restrictions for veterinarians under your pet insurance policies?,Pet Insurance
db0e2a62,Does pet insurance cover vaccinations?,Pet Insurance
db0e2a62,Can I add wellness coverage to my pet insurance?,Pet Insurance
db0e2a62,Are check-ups part of the standard pet insurance policy?,Pet Insurance
db0e2a62,What preventive care options are available for pets?,Pet Insurance
db0e2a62,How can I find out if wellness coverage is provided in my plan?,Pet Insurance
7c1bbdaa,What are the common inclusions of travel insurance?,Travel Insurance
7c1bbdaa,Can you explain what is covered under travel insurance?,Travel Insurance
7c1bbdaa,What benefits does travel insurance offer?,Travel Insurance
7c1bbdaa,Does travel insurance provide protection for medical issues?,Travel Insurance
7c1bbdaa,What types of incidents are usually covered by travel insurance?,Travel Insurance
fdaba3d5,What types of trip cancellations are covered in CIC's travel insurance policies?,Travel Insurance
fdaba3d5,Does your travel insurance include protection for COVID-19 disruptions?,Travel Insurance
fdaba3d5,Are there specific travel insurance plans that cover COVID-19 cancellations?,Travel Insurance
fdaba3d5,How can I verify if my travel insurance plan includes COVID-19 cancellation coverage?,Travel Insurance
fdaba3d5,Which of your plans offer comprehensive COVID-19 coverage for travel interruptions?,Travel Insurance
f39285f8,What situations are not covered under travel insurance?,Travel Insurance
f39285f8,Does the policy include coverage for pre-existing medical conditions?,Travel Insurance
f39285f8,Are activities like extreme sports insured by this travel policy?,Travel Insurance
f39285f8,Will the insurance cover non-medical emergencies?,Travel Insurance
f39285f8,Where can I find the complete list of exclusions for this policy?,Travel Insurance
7cfbcede,Can you explain the different life insurance policies offered by CIC?,Life Insurance
7cfbcede,What are the main types of life coverage I can choose from?,Life Insurance
7cfbcede,Does CIC offer any flexible life insurance plans?,Life Insurance
7cfbcede,How can I determine the best life insurance option for me?,Life Insurance
7cfbcede,Who should I contact to get more details about your life insurance plans?,Life Insurance
ef7d9253,What is the process for updating beneficiaries on a life insurance policy?,Life Insurance
ef7d9253,Is there a limit to how often I can modify my life insurance beneficiaries?,Life Insurance
ef7d9253,Who should I contact to change the beneficiaries on my policy?,Life Insurance
ef7d9253,Are there any fees involved in changing life insurance beneficiaries?,Life Insurance
ef7d9253,Can I update my beneficiaries online or do I need to call support?,Life Insurance
b1e16dec,What are the conditions for accessing the cash value in my life insurance policy?,Life Insurance
b1e16dec,Will I face any charges if I withdraw from my policy before its term ends?,Life Insurance
b1e16dec,How can I find out if my life insurance policy involves penalties for early withdrawals?,Life Insurance
b1e16dec,Are there specific policies that allow penalty-free access to their cash value?,Life Insurance
b1e16dec,What factors determine whether early withdrawal penalties apply to my life insurance?,Life Insurance
dbe24b7a,Does homeowners insurance include protection against earthquakes and floods?,Homeowners Insurance
dbe24b7a,How can I obtain coverage for natural disasters with my current homeowners insurance?,Homeowners Insurance
dbe24b7a,Are there specific policies available for natural disaster protection?,Homeowners Insurance
dbe24b7a,What are the steps to add disaster coverage to my homeowners insurance?,Homeowners Insurance
dbe24b7a,Who should I contact to discuss options for insuring against natural disasters?,Homeowners Insurance
00e368b1,What incidents allow me to receive coverage for temporary housing?,Homeowners Insurance
00e368b1,Does the policy include temporary accommodation if my home is unlivable?,Homeowners Insurance
00e368b1,Under what conditions can I claim expenses for temporary lodging?,Homeowners Insurance
00e368b1,Is temporary living expense reimbursement part of the homeowners policy?,Homeowners Insurance
00e368b1,How do I know if my policy covers temporary living costs after a disaster?,Homeowners Insurance
0e9c2a3c,What income protection does this policy offer if I'm unable to work?,Disability Insurance
0e9c2a3c,How much financial support could I receive with this disability insurance?,Disability Insurance
0e9c2a3c,What circumstances qualify for coverage under this insurance?,Disability Insurance
0e9c2a3c,For how long does the policy provide income replacement?,Disability Insurance
0e9c2a3c,Where can I find the specifics of my coverage amount and duration?,Disability Insurance
e4804ecd,What is the usual duration before disability benefits begin?,Disability Insurance
e4804ecd,How long must I wait before receiving payouts from a disability claim?,Disability Insurance
e4804ecd,Are there different waiting periods available for disability coverage?,Disability Insurance
e4804ecd,Can you specify the possible waiting times for activating disability benefits?,Disability Insurance
e4804ecd,Where can I find the exact waiting period applicable to my disability policy?,Disability Insurance
29b13d2c,What are the conditions for receiving partial benefits under disability insurance?,Disability Insurance
29b13d2c,Does your disability policy cover those who can only work part-time?,Disability Insurance
29b13d2c,How can I learn about the partial disability coverage options?,Disability Insurance
29b13d2c,Is it possible to get disability insurance benefits if I'm not fully disabled?,Disability Insurance
29b13d2c,Who should I contact to understand partial disability benefits available?,Disability Insurance
177d062e,What are the benefits of using an HSA?,Health Savings Account (HSA)
177d062e,Can anyone open a Health Savings Account?,Health Savings Account (HSA)
177d062e,How does an HSA work with high-deductible plans?,Health Savings Account (HSA)
177d062e,Are there specific expenses the HSA covers?,Health Savings Account (HSA)
177d062e,Is there a limit to how much I can contribute to an HSA?,Health Savings Account (HSA)
bc24c3f1,Is it possible to keep my unspent HSA money for the next year?,Health Savings Account (HSA)
bc24c3f1,How are unused funds managed in my HSA?,Health Savings Account (HSA)
bc24c3f1,Can leftover HSA funds be saved for future use?,Health Savings Account (HSA)
bc24c3f1,What happens to HSA funds I don't use by the end of the year?,Health Savings Account (HSA)
bc24c3f1,Do HSA contributions expire annually if not spent?,Health Savings Account (HSA)
23c1ddf9,What types of liabilities are covered under umbrella insurance?,Umbrella Insurance
23c1ddf9,Do I need a different policy for my business's liability coverage?,Umbrella Insurance
23c1ddf9,Can umbrella insurance be used for any business-related claims?,Umbrella Insurance
23c1ddf9,Is a commercial policy mandatory for business liability protection?,Umbrella Insurance
23c1ddf9,How does umbrella insurance differ from a business insurance policy?,Umbrella Insurance
e4453a56,What does the coverage range typically include for umbrella insurance?,Umbrella Insurance
e4453a56,How do I determine the best coverage limit for my needs?,Umbrella Insurance
e4453a56,What is the minimum coverage limit available in umbrella policies?,Umbrella Insurance
e4453a56,Who can I contact for advice on selecting the right umbrella coverage?,Umbrella Insurance
e4453a56,Are there higher coverage options than $5 million for more extensive protection?,Umbrella Insurance
6aaaa6d0,What does the student loan protection policy cover?,Student Loan Protection
6aaaa6d0,How can I benefit from student loan protection if I lose my job?,Student Loan Protection
6aaaa6d0,What options are available under the student loan protection policy?,Student Loan Protection
6aaaa6d0,How does the policy assist if I become disabled?,Student Loan Protection
6aaaa6d0,Who should I contact for more information about student loan protection benefits?,Student Loan Protection
b024d6b7,What types of student loans are generally covered by the loan protection policy?,Student Loan Protection
b024d6b7,Are federal and private student loans both eligible for protection under this insurance?,Student Loan Protection
b024d6b7,Do most student loan protection plans include coverage for private loans?,Student Loan Protection
b024d6b7,How can I confirm if my student loan protection plan includes federal loans?,Student Loan Protection
b024d6b7,Does the loan protection policy apply to all kinds of student loans?,Student Loan Protection
1ec615ec,What is the duration of coverage under the Student Loan Protection policy?,Student Loan Protection
1ec615ec,Does the benefit period for student loans extend up to two years?,Student Loan Protection
1ec615ec,How can I find out the specific terms of my student loan protection plan?,Student Loan Protection
1ec615ec,Are there differences in benefit lengths for student loan protection plans?,Student Loan Protection
1ec615ec,Who should I reach out to for more details about my plan's benefit period?,Student Loan Protection
ad53b768,What conditions qualify for a payout under critical illness insurance?,Critical Illness Insurance
ad53b768,"Does the coverage include illnesses beyond cancer, heart attack, or stroke?",Critical Illness Insurance
ad53b768,What is the payment process after a critical illness diagnosis?,Critical Illness Insurance
ad53b768,Are there any exclusions in the critical illness policy?,Critical Illness Insurance
ad53b768,How does critical illness insurance differ from standard health insurance?,Critical Illness Insurance
f582d582,What is the typical duration of the waiting period before Critical Illness Insurance coverage begins?,Critical Illness Insurance
f582d582,Can I find specific details about waiting periods in my Critical Illness Insurance policy document?,Critical Illness Insurance
f582d582,Is the 30-day waiting period standard for all Critical Illness Insurance plans?,Critical Illness Insurance
f582d582,How can I verify the exact waiting period for my Critical Illness Insurance coverage?,Critical Illness Insurance
f582d582,Are there any circumstances under which the waiting period could be waived or reduced?,Critical Illness Insurance
804e660a,What is the process for determining if a condition is pre-existing?,Critical Illness Insurance
804e660a,How can I find out what specific illnesses and conditions are excluded from coverage?,Critical Illness Insurance
804e660a,Does the policy cover any illnesses that develop from an existing condition?,Critical Illness Insurance
804e660a,Who should I contact to get more clarity on what is included in my coverage?,Critical Illness Insurance
804e660a,Are there any exceptions where a pre-existing condition might be covered?,Critical Illness Insurance
16f256fd,What kinds of events are eligible for coverage under event insurance?,Event Insurance
16f256fd,"Does the policy cover weddings, corporate events, and concerts?",Event Insurance
16f256fd,Are there specific types of events that are excluded from coverage?,Event Insurance
16f256fd,How should I determine the best coverage options for my event?,Event Insurance
16f256fd,Is it necessary to contact the insurance provider to understand the coverage details?,Event Insurance
9c223188,What types of liabilities are included in event insurance?,Event Insurance
9c223188,Does event insurance offer protection for event cancellations?,Event Insurance
9c223188,Are damages to the venue covered under event insurance?,Event Insurance
9c223188,What are the specific exclusions in my event insurance policy?,Event Insurance
9c223188,How can I find out more about the property damage coverage in my policy?,Event Insurance
0ef96a26,Is there a refund option if my event gets canceled?,Event Insurance
0ef96a26,What scenarios are covered for event cancellation refunds?,Event Insurance
0ef96a26,How can I find out if my event cancellation qualifies for a refund?,Event Insurance
0ef96a26,Can I get my money back if my event doesn't happen as planned?,Event Insurance
0ef96a26,What should I verify with my provider regarding cancellation coverage for a refund?,Event Insurance
0f4be87d,What out-of-pocket costs do I pay before my health insurance kicks in?,Health Insurance
0f4be87d,How do deductible amounts differ among health plans?,Health Insurance
0f4be87d,Can you explain what a health insurance deductible is?,Health Insurance
0f4be87d,How much will I have to pay before my health coverage starts?,Health Insurance
0f4be87d,What determines the deductible amount for a health plan?,Health Insurance
06c4aff0,What types of mental health services are typically included in your health insurance coverage?,Health Insurance
06c4aff0,How can I find out the specific mental health benefits included in my health insurance plan?,Health Insurance
06c4aff0,Are there any restrictions or limitations on therapy and counseling under your health insurance policy?,Health Insurance
06c4aff0,Is mental health support included in all of your health insurance plans?,Health Insurance
06c4aff0,Where can I access the detailed terms of mental health coverage in my policy?,Health Insurance
33b833b1,Does health insurance include benefits for acupuncture?,Health Insurance
33b833b1,Are alternative therapies part of my health insurance coverage?,Health Insurance
33b833b1,How can I find out if my policy includes acupuncture?,Health Insurance
33b833b1,What steps should I take to know if alternative treatments are covered?,Health Insurance
33b833b1,Is there a way to verify eligibility for acupuncture under my plan?,Health Insurance
69a68a7f,Where can I search for specialists covered by my plan?,Health Insurance
69a68a7f,Is there an online tool to help locate network specialists?,Health Insurance
69a68a7f,Who should I reach out to if I need help finding a specialist?,Health Insurance
69a68a7f,Can customer service guide me in choosing an in-network specialist?,Health Insurance
69a68a7f,Do you offer an online directory for network specialist searches?,Health Insurance
ca30fa4c,Does the health insurance policy cover prenatal visits and delivery?,Health Insurance
ca30fa4c,Are there any conditions or exceptions for maternity coverage in the plan?,Health Insurance
ca30fa4c,Do all health insurance plans include maternity care services?,Health Insurance
ca30fa4c,What specific maternity-related expenses are typically covered?,Health Insurance
ca30fa4c,Should I review my plan to understand maternity coverage details?,Health Insurance
aa35b652,Can you explain what collision coverage entails?,Auto Insurance
aa35b652,Does collision coverage apply regardless of who is at fault?,Auto Insurance
aa35b652,Is collision coverage a mandatory part of auto insurance?,Auto Insurance
aa35b652,What does collision coverage protect against?,Auto Insurance
aa35b652,How does collision coverage benefit me after an accident?,Auto Insurance
c3433791,How does an at-fault accident affect my auto insurance premiums?,Auto Insurance
c3433791,Does CIC offer accident forgiveness for policyholders?,Auto Insurance
c3433791,What factors determine the premium increase after an accident?,Auto Insurance
c3433791,Are there policies that prevent premium hikes after an accident?,Auto Insurance
c3433791,Can you explain how accident forgiveness works with CIC's auto insurance?,Auto Insurance
c1927431,What type of auto insurance do I need to have to be covered against car theft?,Auto Insurance
c1927431,Are theft incidents included under liability auto insurance policies?,Auto Insurance
c1927431,Is car theft protection automatically included in comprehensive auto insurance?,Auto Insurance
c1927431,What should I check in my policy to ensure it includes vehicle theft coverage?,Auto Insurance
c1927431,How does comprehensive auto insurance differ from liability in terms of theft coverage?,Auto Insurance
a127c202,What does personal injury protection cover in an auto insurance policy?,Auto Insurance
a127c202,Is personal injury protection required in all states?,Auto Insurance
a127c202,How does personal injury protection work if I am at fault in an accident?,Auto Insurance
a127c202,What expenses can personal injury protection help with after a car accident?,Auto Insurance
a127c202,Can I choose whether to include personal injury protection in my auto insurance?,Auto Insurance
47fc13cf,Does auto insurance provide coverage for theft of items inside my vehicle?,Auto Insurance
47fc13cf,Can I claim stolen personal items from my car under any insurance policy?,Auto Insurance
47fc13cf,Which insurance covers losses from personal belongings taken from my car?,Auto Insurance
47fc13cf,"If my car is broken into, are any personal belongings insured?",Auto Insurance
47fc13cf,Are there policies that protect against theft of personal items from a vehicle?,Auto Insurance
5d3910b1,What types of water damage are typically covered under homeowners insurance?,Homeowners Insurance
5d3910b1,Are leaks considered eligible for coverage under a standard homeowners policy?,Homeowners Insurance
5d3910b1,Is flood damage included in homeowners insurance?,Homeowners Insurance
5d3910b1,Does my homeowners insurance protect against both sudden and gradual water issues?,Homeowners Insurance
5d3910b1,Do I need an additional policy for flood protection?,Homeowners Insurance
14e418e7,What factors influence the calculation of my home's reconstruction cost?,Homeowners Insurance
14e418e7,How often is the rebuilding cost assessment updated by the insurance provider?,Homeowners Insurance
14e418e7,Are the current construction expenses considered in determining my home's rebuilding cost?,Homeowners Insurance
14e418e7,Does the cost estimate include all materials necessary to rebuild my home?,Homeowners Insurance
14e418e7,Can the rebuilding cost assessment affect my insurance premium?,Homeowners Insurance
9e5a7f13,What types of incidents are commonly covered under homeowners insurance liability coverage?,Homeowners Insurance
9e5a7f13,Are there any exceptions or limitations to the liability coverage in homeowners insurance?,Homeowners Insurance
9e5a7f13,How does the claims process work if someone is injured on my property?,Homeowners Insurance
9e5a7f13,Can I increase the liability coverage on my homeowners insurance policy?,Homeowners Insurance
9e5a7f13,Does homeowners insurance cover injuries to family members living at the property?,Homeowners Insurance
1a3f88db,Why is a home inventory important for my homeowners insurance policy?,Homeowners Insurance
1a3f88db,What items should be included in a home inventory for insurance purposes?,Homeowners Insurance
1a3f88db,How does a home inventory assist in filing insurance claims?,Homeowners Insurance
1a3f88db,Is a home inventory necessary for my insurance coverage?,Homeowners Insurance
1a3f88db,Can having a home inventory affect the outcome of an insurance claim?,Homeowners Insurance
48ff8508,What types of damage to appliances are included in the homeowners insurance coverage?,Homeowners Insurance
48ff8508,Are mechanical failures of appliances covered under the homeowners policy?,Homeowners Insurance
48ff8508,"In the event of a fire, would the damage to my home appliances be insured?",Homeowners Insurance
48ff8508,Does homeowners insurance cover routine maintenance for appliances?,Homeowners Insurance
48ff8508,What are the conditions for appliance damage to be insured under homeowners coverage?,Homeowners Insurance
c3c7d6ae,What is covered by my health insurance after meeting the deductible?,Health Insurance
c3c7d6ae,How does a higher deductible affect my health insurance premium?,Health Insurance
c3c7d6ae,Are there any services that the deductible does not apply to?,Health Insurance
c3c7d6ae,Can the deductible amount vary depending on the insurance plan?,Health Insurance
c3c7d6ae,What happens when I reach the deductible limit during a policy year?,Health Insurance
cf839493,What steps should I take to locate a doctor covered by my insurance?,Health Insurance
cf839493,Can you guide me on how to access my network's doctor list online?,Health Insurance
cf839493,Where can I find information on doctors approved by my insurance plan?,Health Insurance
cf839493,How can I verify if a physician is within my health insurance network?,Health Insurance
cf839493,Who can I contact to get a list of doctors covered by my insurance?,Health Insurance
ed63da86,Can I be denied a health policy because of existing medical issues?,Health Insurance
ed63da86,What does the term 'pre-existing conditions' refer to?,Health Insurance
ed63da86,How does the Affordable Care Act affect coverage for pre-existing conditions?,Health Insurance
ed63da86,Will my past health problems impact my insurance coverage?,Health Insurance
ed63da86,Are insurers allowed to exclude coverage for health issues I already have?,Health Insurance
598b479a,Does my health insurance plan include coverage for medications?,Health Insurance
598b479a,How can I find out if a specific drug is covered by my policy?,Health Insurance
598b479a,Are all prescription drugs included in the health insurance benefits?,Health Insurance
598b479a,Where can I check which medications my health insurance will pay for?,Health Insurance
598b479a,Is there a list of drugs that are covered under my health plan?,Health Insurance
df49edcd,What steps should I take if my health insurance claim is rejected?,Health Insurance
df49edcd,Who should I contact to start the appeal process for a denied health claim?,Health Insurance
df49edcd,What documents are necessary to challenge a refused health insurance claim?,Health Insurance
df49edcd,Is there a specific procedure to follow when appealing a health insurance claim?,Health Insurance
df49edcd,Can you guide me on how to get my health insurance denial reviewed?,Health Insurance
7d67895c,What does liability coverage include in your auto policy?,Auto Insurance
7d67895c,"If I cause an accident, does liability insurance cover my car repairs?",Auto Insurance
7d67895c,Who is financially protected by liability insurance in the event of a collision?,Auto Insurance
7d67895c,Are damages to other vehicles covered under your liability insurance?,Auto Insurance
7d67895c,Does liability insurance only apply if I'm at fault in an accident?,Auto Insurance
2ad31428,How does my driving history impact my car insurance premiums?,Auto Insurance
2ad31428,Will the area where I live influence the cost of my auto insurance?,Auto Insurance
2ad31428,In what ways does my choice of car affect my insurance pricing?,Auto Insurance
2ad31428,How does my age play a role in determining auto insurance rates?,Auto Insurance
2ad31428,Can my credit score change the amount I pay for car insurance?,Auto Insurance
e6073c1e,How do I transfer my auto insurance policy to a new car?,Auto Insurance
e6073c1e,What steps are needed to move my policy to a different vehicle?,Auto Insurance
e6073c1e,Is it possible to use my current auto insurance for a new vehicle?,Auto Insurance
e6073c1e,Will my coverage need to be updated if I switch vehicles?,Auto Insurance
e6073c1e,Who should I contact to change my policy to another car?,Auto Insurance
27848cad,What types of incidents does comprehensive coverage handle for my car?,Auto Insurance
27848cad,Does comprehensive coverage include protection from theft?,Auto Insurance
27848cad,Are natural disasters covered under my auto insurance policy?,Auto Insurance
27848cad,Does comprehensive coverage cover vehicle vandalism?,Auto Insurance
27848cad,What is covered under comprehensive auto insurance that collision insurance does not include?,Auto Insurance
a9d28da5,Does my insurance cover other drivers in my car?,Auto Insurance
a9d28da5,Are others with my permission insured if they drive my car?,Auto Insurance
a9d28da5,Is it necessary to review the policy for coverage on additional drivers?,Auto Insurance
a9d28da5,What should I verify about my policy if another person drives my car?,Auto Insurance
a9d28da5,Will my insurance apply when I permit someone else to use my vehicle?,Auto Insurance
a398e7a6,What does personal property coverage in homeowners insurance include?,Homeowners Insurance
a398e7a6,How does homeowners insurance cover my belongings?,Homeowners Insurance
a398e7a6,"If my electronics are damaged, will my policy help pay for it?",Homeowners Insurance
a398e7a6,Are my clothes protected under my homeowners insurance?,Homeowners Insurance
a398e7a6,What types of events are covered regarding personal property damage?,Homeowners Insurance
84eaa3b8,What are the benefits of having homeowners insurance if my house is already fully paid?,Homeowners Insurance
84eaa3b8,Is it mandatory to have homeowners insurance for a house with no mortgage?,Homeowners Insurance
84eaa3b8,Why is homeowners insurance recommended even after paying off my home?,Homeowners Insurance
84eaa3b8,What risks does homeowners insurance cover for a paid-off property?,Homeowners Insurance
84eaa3b8,Are there any situations where it's advisable to maintain homeowners insurance after completing mortgage payments?,Homeowners Insurance
c9110b8f,What does homeowners insurance cover regarding depreciation in claims?,Homeowners Insurance
c9110b8f,How does replacement cost coverage differ from actual cash value when filing a claim?,Homeowners Insurance
c9110b8f,Will I receive the full value of my damaged property under actual cash value coverage?,Homeowners Insurance
c9110b8f,Does replacement cost coverage consider the property's depreciation over time?,Homeowners Insurance
c9110b8f,Can you explain the benefits of choosing replacement cost coverage over actual cash value?,Homeowners Insurance
8ee51a47,Does my homeowners policy include protection for business equipment at my house?,Homeowners Insurance
8ee51a47,Will I need extra insurance for operating a business from home?,Homeowners Insurance
8ee51a47,Are business activities generally covered under a standard homeowners insurance plan?,Homeowners Insurance
8ee51a47,What type of coverage should I consider for a business run from my residence?,Homeowners Insurance
8ee51a47,Do I need a separate policy for my home business equipment?,Homeowners Insurance
cb5d1d56,How can I report water damage under my homeowners insurance?,Homeowners Insurance
cb5d1d56,What steps should be taken after noticing water damage in my home?,Homeowners Insurance
cb5d1d56,Do I need to document water damage for my insurance claim?,Homeowners Insurance
cb5d1d56,What actions should I avoid that might worsen water damage before an insurance company inspection?,Homeowners Insurance
cb5d1d56,Is there a specific timeline to report water damage for it to be covered by homeowners insurance?,Homeowners Insurance
